category,mean,std,cv,adf_p,stationary,trend_slope,trend_p,sig_acf_lags
Clothing,2734.8372093023254,729.4706151888158,0.26673273740300923,0.0,True,0.040842967574696444,0.7497960497972198,[10]
Electronics,2681.8495212038306,724.6327768950697,0.270198894891685,3.771131380540437e-30,True,0.10293372672106879,0.41837586571018137,[]
Furniture,2770.201094391245,758.1477116770192,0.27367966650941744,0.0,True,0.18755467885742652,0.15854697322096303,[11]
Groceries,2736.637482900137,726.0740738959178,0.26531613282094807,4.1675961296256353e-22,True,-0.33146580657132413,0.009154835782863704,"[4, 8, 13]"
Toys,2722.9616963064295,708.8063750623273,0.2603071413100633,0.0,True,-0.10791009795883001,0.38575750439888423,[]
