variable,n_groups,f_stat,p_anova,h_stat,p_kruskal,eta_squared,group_mean_spread_pct
store_id,5,2.4061067606526807,0.04726220926012674,8.559992220846748,0.07308948626112138,0.00013165278008118035,2.353045666909452
product_id,20,0.8858477931073854,0.6013074706687945,18.072044912126636,0.517630688813023,0.00023025769809578361,4.139106871157983
category,5,1.339415356019192,0.25253865530011066,4.292501536625494,0.3678649997419618,7.329186334342679e-05,2.0217764096001303
region,4,0.6510959757159838,0.582161026454313,1.4704143723849141,0.6891153163149559,2.6721513247493016e-05,1.0660920582079243
