category,chain_daily_demand_forecast,per_store_daily_stock
Clothing,2751.1513260530423,550.2302652106084
Electronics,2661.1341653666145,532.226833073323
Furniture,2746.0234009360374,549.2046801872075
Groceries,2751.541341653666,550.3082683307332
Toys,2728.154446177847,545.6308892355694
